{
  "added_tokens_decoder": {
    "0": {
      "content": "<unk>",
      "lstrip": false,
      "normalized": false,
      "rstrip": false,
      "single_word": false,
      "special": true
    },
    "1": {
      "content": "<s>",
      "lstrip": false,
      "normalized": false,
      "rstrip": false,
      "single_word": false,
      "special": true
    },
    "2": {
      "content": "</s>",
      "lstrip": false,
      "normalized": false,
      "rstrip": false,
      "single_word": false,
      "special": true
    }
  },
  "bos_token": "<s>",
  "chat_template": "{% for message in messages %}\n{% if message['role'] == 'user' %}\n{{ '<|user|>\n' + message['content'] + eos_token }}\n{% elif message['role'] == 'system' %}\n{{ '<|system|>\n' + message['content'] + eos_token }}\n{% elif message['role'] == 'assistant' %}\n{{ '<|assistant|>\n'  + message['content'] + eos_token }}\n{% endif %}\n{% if loop.last and add_generation_prompt %}\n{{ '<|assistant|>' }}\n{% endif %}\n{% endfor %}",
  "clean_up_tokenization_spaces": false,
  "eos_token": "</s>",
  "legacy": false,
  "model_max_length": 2048,
  "pad_token": "</s>",
  "padding_side": "right",
  "sp_model_kwargs": {},
  "tokenizer_class": "LlamaTokenizer",
  "unk_token": "<unk>",
  "use_default_system_prompt": false
}
